GOOD,https://2appstudio.com/
GOOD,https://www.blurb.com/
GOOD,https://www.bookfusion.com/
GOOD,https://www.editiondigital.com/#!smart-digital-publishing-system
GOOD,https://epublisher.world/en/
GOOD,https://esplor.io/
GOOD,https://www.exposure.co/
GOOD,https://fabrik.io/
GOOD,https://family-album.com/
GOOD,https://findpenguins.com
BAD,https://fineartamerica.com/
GOOD,https://gethomeroom.com/
GOOD,ghttps://getprintastic.com/
BAD,https://getprintbox.com/
BAD,http://23hq.com/
BAD,http://280daily.com/
GOOD,http://adva-soft.com/products/handy-photo/
BAD,http://akinabooks.com/
BAD,http://akvis.com/
BAD,http://allearsphotography.com/
BAD,http://alternoteapp.com/
GOOD,http://anyflip.com/
BAD,http://aphos.org/?ref=betalist
BAD,http://app.elecom.co.jp/en/scrapbook/android/index.html
GOOD,http://app.sketchclub.com/
BAD,http://appairbrush.com/
GOOD,http://appcrawlr.com/ipad/scriptly
BAD,http://appm1.com/afterfocus/
BAD,http://appshopper.com/lifestyle/mytymz
BAD,http://arphahub.com/
BAD,http://articoolo.com/
BAD,http://arvistechmac.blogspot.com/
GOOD,http://assemblyapp.co/
BAD,http://beckyhiggins.com
BAD,http://bellaquinces.com/
BAD,http://beta.comixon.com/?ref=betalist
BAD,http://blendimages.com/
BAD,http://blingee.com/
GOOD,http://blinky.co/perspective_app/
GOOD,http://blinky.co/perspective_app/
GOOD,http://bondidigital.com/
BAD,http://bookskill.me
BAD,http://brighteyesphotosdc.com
BAD,http://buddyimage.com/
BAD,http://bulletjournal.com/companion/
GOOD,http://capture365journal.com/
GOOD,http://cheeseeffects.sg
BAD,http://cmcourse.com/
GOOD,http://comicartcommunity.com/gallery/
BAD,http://conceptartworld.com/
BAD,http://contentbear.com/
BAD,http://cookbookcafe.com/
BAD,http://coolvibe.com/
GOOD,http://darkroom.co/
BAD,http://dayoneapp.com/
BAD,http://dayviews.com/
BAD,http://deadfred.com/
BAD,http://diary.com/
GOOD,http://digital-publishing.gtxcel.com/
BAD,http://digtea.dk/
GOOD,http://digtea.dk/
BAD,http://dnareferencelab.com
BAD,http://dogmapetportraits.com/
BAD,http://dreamjournal.co/
BAD,http://dreamjournal.co/
BAD,http://editor.pho.to/
GOOD,http://edwardtheapp.com/?ref=betalist
GOOD,http://eevly.com/?ref=betalist
GOOD,http://emersonjournal.com
GOOD,http://en.getpixelbook.com/
BAD,http://enjoymags.com/
BAD,http://epublishing.ekt.gr/
GOOD,http://filterbaker.mobi/
GOOD,http://filterstormneue.com/
GOOD,http://firaa.me/
BAD,http://fixthephoto.com
GOOD,http://fixthephoto.com/
BAD,http://flicbook.com/
GOOD,http://fliphtml5.com/
BAD,http://fotoflexer.com/
BAD,http://fwdapp.io
BAD,http://geospike.com/
BAD,http://get-puppet.co/
BAD,http://get-puppet.co/
GOOD,http://getgratitude.co/
BAD,http://getsoundbite.com/?ref=betalist
BAD,http://gift-from.me/about
BAD,http://gitoon.com/?ref=betalist
GOOD,http://grafthq.com/
BAD,http://gratitude365app.com/
GOOD,http://griddiaryapp.com/en/
BAD,http://hahaint.com/mywdays/
BAD,http://hahaint.com/mywdays/
GOOD,http://halftonepix.com/?ref=betalist
GOOD,http://halftonepix.com/?ref=betalist
BAD,http://hello.babyalbum.com/
GOOD,http://hipstamatic.com/camera/
BAD,http://hive.im/
BAD,http://hubpages.com/
BAD,http://ilasagar.com
GOOD,http://illion.io/
BAD,http://indafoto.hu/
BAD,http://industrialcolor.com/
GOOD,http://inkist-app.com/ipad
GOOD,http://issuestand.com
GOOD,http://itravel.life/best-travel-journals-iphone-ipad/
GOOD,http://jrnl.com/
GOOD,http://koken.me/
BAD,http://lascauxreview.com
BAD,http://lascauxreview.com/
GOOD,http://lifebox.mobi
GOOD,http://littlenuggetco.com/
BAD,http://lyricallens.com
GOOD,http://macaw.co/
GOOD,http://madewithfaded.com/
GOOD,http://magicblox.com
GOOD,http://marinersoftware.com/products/contour/
BAD,http://marinersoftware.com/products/macjournal/
BAD,http://motu.baidu.com/
BAD,http://myclearstory.com
BAD,http://nantingyang.com
BAD,http://napkinbooks.com
BAD,http://narrative.ly/
BAD,http://netobjects.com/
BAD,http://newhive.com/
GOOD,http://nu-book.com/
GOOD,http://oomphhq.com/
GOOD,http://page2flip.de/
GOOD,http://palettoapp.com/?lang=en#simplify
GOOD,http://paprikaapp.com/
BAD,http://particulr.co/
BAD,http://particulr.co/about
GOOD,http://penned.me/
BAD,http://phojoe.com/Restoration.html#
BAD,http://phontogra.ph/
BAD,http://photo-calendar-software.com/order.php
BAD,http://photoeditor.funphotobox.com/
GOOD,http://photofy.com/
BAD,http://photom.co/?ref=betalist
BAD,http://phototransferapp.com/
GOOD,http://picbuzz.pho.to/
GOOD,http://picfx.co/
BAD,http://picmoji.com/?ref=betalist
BAD,http://pinnacleimagingsystems.com/
GOOD,http://pixelhub.me/home/index.php
GOOD,http://pixeoapp.com
BAD,http://posterizer.online/rasterbator/
GOOD,http://postnd.com/en
GOOD,http://pressmo.com/
GOOD,http://priime.com/
BAD,http://principia.network/
BAD,http://pubhtml5.com/
GOOD,http://rookiemag.com/
BAD,http://salvatierstudios.com/
BAD,http://shakespearephotography.co.uk/
GOOD,http://skrwt.com/
GOOD,http://slidetorock.com/apps/Chronicle-Journal.html
BAD,http://smartdeblur.net/
GOOD,http://snappie.co/
GOOD,http://snaptivityapp.com
GOOD,http://sprout-apps.com/
GOOD,http://staffwriter.co
GOOD,http://storyist.com/ios/
GOOD,http://sumoing.com
GOOD,http://tagjournal.wordmagicsoft.com/
GOOD,http://tayasui.com/sketches/
BAD,http://thechive.com/
BAD,http://thingsorganizedneatly.tumblr.com/
BAD,http://thingsorganizedneatly.tumblr.com/
BAD,http://tinypic.com/
GOOD,http://tizra.com/
BAD,http://topbestappsforkids.com/best-kids-apps-flipink/
BAD,http://touchmath.com/
GOOD,http://virb.com/
GOOD,http://volosaas.com/
GOOD,http://wefished.net/write/
GOOD,http://woop.ie
BAD,http://wordswag.co
BAD,http://wowslider.com
BAD,http://writing-studio.com/
BAD,http://www.adadbooks.com/
BAD,http://www.advaphotography.co.uk/
BAD,http://www.advpubtech.com
BAD,http://www.aftershoot.co.uk/portrait-retouching?gclid=CjwKCAiA5qTfBRAoEiwAwQy-6ZmcCRO6rcfmEnqwCmmzP9ElESsFvfJRmGNBARbFj6lu7uZW2rN-YhoCYLUQAvD_BwE
GOOD,http://www.alphatech.mobi/?work=poto-collage-maker
BAD,http://www.alsinapublishing.com
GOOD,http://www.altaeditions.com
GOOD,http://www.aquafadas.com
GOOD,http://www.athentech.com/
GOOD,http://www.axmag.com/
GOOD,http://www.aysling.com/
BAD,http://www.bespokedigital.com/work-1/
BAD,http://www.bibtex.org/
BAD,http://www.blockposters.com/
GOOD,http://www.bluemelon.com/
GOOD,http://www.bridworks.com/anote/
GOOD,http://www.brittanybobo.com/happy-birthday-app
GOOD,http://www.brushesapp.com/
BAD,http://www.cesurapublish.com/?p=publish
BAD,http://www.citrify.com/
GOOD,http://www.clicdata.com/
BAD,http://www.clothapp.com/
BAD,http://www.comicchameleon.com/about
GOOD,http://www.condenast.com/
BAD,http://www.counsyl.com/
GOOD,http://www.dazeddigital.com
GOOD,http://www.deepart.io/
GOOD,http://www.denvog.com/app/index-card/
BAD,http://www.designcrowd.com/
BAD,http://www.designhill.com/
GOOD,http://www.detl.co.uk/
BAD,http://www.deviantart.com/
BAD,http://www.deviantart.com/
GOOD,http://www.diaryzapp.com/
GOOD,http://www.digitalenterprises.nl/
BAD,http://www.dnasolutions.com/
BAD,http://www.drawshow.com/
GOOD,http://www.dronestagr.am/
BAD,http://www.dumplingsandwich.com/
GOOD,http://www.dunkdesign.co.uk/
GOOD,http://www.dxo.com/
GOOD,http://www.easyhdr.com/
BAD,http://www.edocker.fi/
BAD,http://www.emagmaker.com
GOOD,http://www.emptykingdom.com/submit/
GOOD,http://www.epagecreator.net/
GOOD,http://www.evlaa.com
BAD,http://www.exeone.com/vintager?AVGAFFILIATE=3305
BAD,http://www.eyeem.com/
GOOD,http://www.ezapp.studio/
BAD,http://www.flatpebble.com/
GOOD,http://www.flip-book-online.com/
GOOD,http://www.flipandshare.com/
GOOD,http://www.flipbook-creator.com
GOOD,http://www.flipcreator.net
BAD,http://www.foldifyapp.com/
GOOD,http://www.foliolink.com/
GOOD,http://www.fotor.com/
BAD,http://www.fotothing.com/
BAD,http://www.freeimagehosting.net/
BAD,http://www.freeimagehosting.net/
BAD,http://www.gamasutra.com/
BAD,http://www.gcloudbackup.com/
BAD,http://www.gdsoftware.dk/More.aspx?id=3
BAD,http://www.genwi.com/
GOOD,http://www.geteversnap.com/pricing.html
GOOD,http://www.getfirstsmile.com/
BAD,http://www.getjealous.com/
BAD,http://www.greetme.me/
GOOD,http://www.growthjournal.co/
BAD,http://www.iconicgroup.com/
BAD,http://www.iheartstudios.com/
BAD,http://www.imagevenue.com/hostflash.php
GOOD,http://www.imcreator.com/
BAD,http://www.imirus.com/
GOOD,http://www.infinitestudio.art/
BAD,http://www.ingentaconnect.com
BAD,http://www.instantpicframe.com/
GOOD,http://www.istudiopublisher.com
GOOD,http://www.jellybus.com
BAD,http://www.jfdplabs.com/
BAD,http://www.jutoh.com
BAD,http://www.juxtapost.com/
BAD,http://www.k-digidata.com/
BAD,http://www.k-digidata.com/
BAD,http://www.kabukivision.com/
BAD,http://www.kdpublishingpro.com/
BAD,http://www.klip.space/
GOOD,http://www.lazypub.com/
BAD,http://www.lensic.al/
GOOD,http://www.libboo.com/
GOOD,http://www.lifedots.com/
GOOD,http://www.liibook.com/
GOOD,http://www.liveboothapp.com/
GOOD,http://www.livingdna.com/
GOOD,http://www.lofopi.com/art-set.html
GOOD,http://www.loonapix.com
GOOD,http://www.luckyclan.com/apps/artstudio-ipad
GOOD,http://www.mag2go.net/
BAD,http://www.magfirst.com/
BAD,http://www.mementobox.co.uk/
GOOD,http://www.meredith.com/brand/marthastewartliving
BAD,http://www.mibba.com
BAD,http://www.mixbook.com/mosaic
GOOD,http://www.morpholioapps.com/journal/
GOOD,http://www.movellas.com/
BAD,http://www.mybestphotobook.com/
GOOD,http://www.myebook.com/
GOOD,http://www.myheritage.com/
GOOD,http://www.mytripjournal.com/
GOOD,http://www.newyorker.com/
GOOD,http://www.nimblediagnostics.co.uk
BAD,http://www.nomadjournals.com/
GOOD,http://www.nxtbookmedia.com/
GOOD,http://www.olivesoftware.com
BAD,http://www.oneeyeland.com/
BAD,http://www.onetruemedia.com/
GOOD,http://www.oxfordancestors.com/
GOOD,http://www.oystermag.com/
BAD,http://www.p-s-c.co.uk
BAD,http://www.p1digitalmedia.com/
BAD,http://www.pagefocus.com/
BAD,http://www.pageoy.com
BAD,http://www.pagestream.org/
GOOD,http://www.pageturnpro.com/
GOOD,http://www.paperlit.com
BAD,http://www.pepcon.com/
GOOD,http://www.phodrop.com/
BAD,http://www.photobookapp.com/
BAD,http://www.photobucket.com
GOOD,http://www.photoclickk.com
GOOD,http://www.photofoxapp.com/
BAD,http://www.photorestorationretouching.com/
GOOD,http://www.photoscape.org/ps/main/index.php
GOOD,http://www.picfy.co/
BAD,http://www.piclayapp.com/
BAD,http://www.pictorymag.com/
BAD,http://www.picture2life.com
GOOD,http://www.picturecode.com/index.php
BAD,http://www.pingg.com/
BAD,http://www.pixeledge.io/
GOOD,http://www.pixelmags.com/
GOOD,http://www.pizap.com/
BAD,http://www.planet-ia.com/
BAD,http://www.planitphoto.com/
BAD,http://www.poladroid.net/
BAD,http://www.postergenius.com/
BAD,http://www.pressmart.com/
GOOD,http://www.pubfactory.com/
BAD,http://www.pubfactory.com/journals/
BAD,http://www.qrayon.com/home/inkflow/
GOOD,http://www.quark.com/en/Products/QuarkXPress/
BAD,http://www.rawexposure.com/
BAD,http://www.redbubble.com/
BAD,http://www.resumebucket.com/our-free-resume-builder/
BAD,http://www.ronyasoft.com
BAD,http://www.rootsandshoots.co.in/home/
BAD,http://www.roundme.com/
BAD,http://www.scoopshot.com/marketing/installing-the-scoopshot-app/
GOOD,http://www.scriptsapp.com/
BAD,http://www.sefaria.org/
BAD,http://www.shapecollage.com/
GOOD,http://www.skrappify.com/
GOOD,http://www.smackjeeves.com/
GOOD,http://www.snapboothapp.com
BAD,http://www.solutioncat.com/
GOOD,http://www.spacejock.com/yWriter.html
BAD,http://www.springpublisher.com/
BAD,http://www.storybits.io/
GOOD,http://www.storyjumper.com/
BAD,http://www.stripcreator.com/
BAD,http://www.studio3.com/
GOOD,http://www.suregenomics.com/
BAD,http://www.theatlantic.com
BAD,http://www.thephotomender.com/
GOOD,http://www.theweddinglens.com/
GOOD,http://www.thrashermagazine.com
GOOD,http://www.tinybeans.com/
BAD,http://www.toondoo.com/
GOOD,http://www.traveldiariesapp.com/
BAD,http://www.travelog.me
GOOD,http://www.triobo.com/
BAD,http://www.tripcolor.com/
BAD,http://www.tripntale.com/
GOOD,http://www.trover.com/
BAD,http://www.turnjs.com/
BAD,http://www.ucreative.com
GOOD,http://www.webtoons.com/
GOOD,http://www.wegather.co/#home
BAD,http://www.wellsmedia.com/
GOOD,http://www.wishpoke.com/
GOOD,http://www.writeon.cool/about/
BAD,http://www.writersdigest.com
BAD,http://www.xflip.com/
BAD,http://www.yourdigitalmemories.co.uk/
GOOD,http://www.yudu.com
BAD,http://www.zinepal.com
BAD,http://www.zoomin.com
GOOD,http://www.zyyne.com
BAD,http://www.zyyne.com/site/
BAD,http://zzzzoom.tumblr.com/
BAD,http://zzzzoom.tumblr.com/
BAD,https://1x.com/
GOOD,https://2.cargocollective.com/
GOOD,https://22slides.com/
GOOD,https://2appstudio.com/jotterpad/
GOOD,https://2appstudio.com/jotterpad/
BAD,https://99designs.com
GOOD,https://about.easil.com
BAD,https://about.hindawi.com
BAD,https://about.me/
BAD,https://acidcow.com/
BAD,https://activetextbook.com
BAD,https://adva-soft.com/app-pageTouch.html
GOOD,https://affinity.serif.com/en-gb/photo/
GOOD,https://afterlight.co/
BAD,https://agoldphoto.com/
GOOD,https://agoraimages.com/
GOOD,https://ait-xia-dialog.de
GOOD,https://albumora.com
GOOD,https://alivecolors.com
BAD,https://alternativeto.net/software/rasterbator/
GOOD,https://amalgram.com/
BAD,https://android.appstorm.net/reviews/lifestyle/picplz-sharing-through-a-new-lens/
BAD,https://anotherplacepress.bigcartel.com/
BAD,https://apagraph.com/?ref=betalist
BAD,https://aperture.org/
BAD,https://appadvice.com/app/paper-by-funinput/462720958
BAD,https://appfelstrudel.com/id/482504384/dog-photobook.html
BAD,https://appfelstrudel.com/id/804217537/print-photo-photo-print-app.html
GOOD,https://appgrooves.com/ios/1128309734/baby-photos-pregnancy-pic-maker-and-baby-milestone/zeng-guifeng
BAD,https://apps.apple.com/
BAD,https://apps.apple.com/app/apple-store/id1244558410
GOOD,https://apps.apple.com/bg/app/lock-secret-photo-album-vault/id463142728
GOOD,https://apps.apple.com/us/app/precious-baby-photo-art/id1103530261
GOOD,https://apps.apple.com/us/app/retrica/id577423493
GOOD,https://appyvent.com
BAD,https://articlestaff.com
GOOD,https://astropad.com/
BAD,https://atavist.com
GOOD,https://atlasbiomed.com/nl
BAD,https://atomicadd.com/
GOOD,https://aurorahdr.com/
BAD,https://babysnap.co/
GOOD,https://babysnap.co/
GOOD,https://bazaart.me/
GOOD,https://beacon.by/
BAD,https://bear.app/?ref=betalist
GOOD,https://bear.app/?ref=betalist
BAD,https://beautifullifeapps.com/
GOOD,https://beautifullifeapps.com/pages/life-journal
BAD,https://beta.laazy.io/?source=betalist&ref=betalist
GOOD,https://betalist.com/startups/lookkapp
GOOD,https://betalist.com/startups/the-visual-pro
BAD,https://bevisionaryapp.com/?ref=betalist
BAD,https://bevisionaryapp.com/?ref=betalist
BAD,https://bid.life/en/?ref=betalist
BAD,https://bigblueclip.com/
BAD,https://bluetoadpublishing.com/
GOOD,https://blurt.app/?ref=betalist
GOOD,https://bokeh.pics/?ref=betalist
GOOD,https://bonjourn.al/
GOOD,https://bookcreator.com/
BAD,https://booklaunch.io
GOOD,https://bote.com/
GOOD,https://brandmark.io/?ref=betalist
BAD,https://bundlin.com/
BAD,https://caligraphics.net/
GOOD,https://camera.plus/
GOOD,https://campaignkit.co/feature/photo-editing-tool/
BAD,https://candidly.com/
BAD,https://capitalminded.com/?ref=betalist
GOOD,https://carbonmade.com/
GOOD,https://cascable.se/
GOOD,https://cashmanphoto.com
BAD,https://cashmanphoto.com/
BAD,https://catchar.io
BAD,https://cewe-photoworld.com/
GOOD,https://cgsociety.org/
GOOD,https://chatbooks.com/
GOOD,https://chevereto.com/
GOOD,https://churchsnaps.com/
GOOD,https://clay.earth/?ref=betalist
GOOD,https://cluster.co/
BAD,https://coed.com/
BAD,https://colorize.cc/?ref=betalist
BAD,https://colorlib.com
BAD,https://commaful.com/
GOOD,https://concepts.tophatch.com/en/
BAD,https://contentupgrade.me/?ref=betalist
GOOD,https://cookbookcreate.com
GOOD,https://corp.zinio.com/
BAD,https://creaceed.com
BAD,https://creaceed.com
GOOD,https://creaceed.com/hydra
GOOD,https://creaproject.io/creary/
GOOD,https://creativestore.kdanmobile.com
GOOD,https://crello.com/
GOOD,https://crevado.com/
BAD,https://cruip.com/?ref=betalis
GOOD,https://crypt.ee/
BAD,https://cupixel.com/?ref=betalist
BAD,https://cvmkr.com/
BAD,https://daylio.webflow.io/
GOOD,https://dayoneapp.com/
BAD,https://demos.algorithmia.com
GOOD,https://designrr.io/
GOOD,https://diaroapp.com/
BAD,https://divvyhq.com/
BAD,https://dna-testing.ca
BAD,https://dnacenter.com
GOOD,https://dnaconsultants.com
BAD,https://dnatest.ee
GOOD,https://dokonow.com/
BAD,https://download.cnet.com/PaintStar/3000-2192_4-10279976.html
BAD,https://drblur.voyagerx.com/?gclid=EAIaIQobChMI_bjW6JjR3gIVC5OPCh2-2AmgEAAYASAAEgIkivD_BwE
BAD,https://dribbble.com
BAD,https://dribbble.com
GOOD,https://driftr.us/
BAD,https://droidveda.com/project/photo-album-2/
BAD,https://dslrbooth.com
GOOD,https://dyrii.com/
BAD,https://easyinspire.com/
GOOD,https://edit.org/?ref=betalist
BAD,https://editoria.pub/
GOOD,https://ednaapp.com/pricing/
BAD,https://emanga.com/
BAD,https://emanga.com/
GOOD,https://emberify.com/journaly/
BAD,https://en.softonic.com/solutions/what-are-the-best-digital-scrapbook-apps-for-iphone
BAD,https://en.zenfolio.com/
GOOD,https://entire.life/
BAD,https://entropia.design/
GOOD,https://entropia.design/
GOOD,https://esplor.io/
GOOD,https://evernote.com
BAD,https://exposure.co/
BAD,https://exposure.co/
BAD,https://ezinearticles.com/
GOOD,https://ezzl.art/
BAD,https://f1000.com/
BAD,https://fablelabs.com/
BAD,https://famm.us/
BAD,https://feedly.com/i/welcome
BAD,https://figubo.com
BAD,https://findpenguins.com/?hl=en
GOOD,https://findshot.com/?ref=betalist
GOOD,https://flipbooker.com/en
GOOD,https://flippingbook.com/
GOOD,https://flowpaper.com
BAD,https://flowvella.com/
GOOD,https://flyingmeat.com/acorn/
GOOD,https://foliohd.com
BAD,https://folyo.me/
BAD,https://foodie.snow.me/
BAD,https://forapply.com/?ref=betalist
BAD,https://fotoflock.com/
GOOD,https://fotolog.com/
GOOD,https://fotoram.io
GOOD,https://fotostars.me/en/
BAD,https://freemocks.com
BAD,https://freq.ee/?ref=betalist
GOOD,https://fstoppers.com/
GOOD,https://funeventapp.com
BAD,https://genie.contentfly.co/?ref=betalist
BAD,https://geospike.com/
GOOD,https://get.sktchy.com/
GOOD,https://getdrafts.com/
GOOD,https://getglimpses.com/
BAD,https://getmitty.com/
BAD,https://getpikiz.com/
BAD,https://getstencil.com
GOOD,https://getworkweek.com/
BAD,https://ghost.org/
GOOD,https://givemethatpicture.com/
BAD,https://glasstree.com/
GOOD,https://globalcomix.com
BAD,https://glose.com/
GOOD,https://goobapp.com/?ref=betalist
GOOD,https://gratefulness.me/
GOOD,https://gravit.io/
GOOD,https://groupme.com
BAD,https://gsuite.google.com/intl/en_sg/products/sites/?utm_source=google&utm_medium=cpc&utm_campaign=japac-ROA-all-en-dr-bkws-all-golden-trial-e-dr-1003989&utm_content=text-ad-none-none-DEV_c-CRE_181819750444-ADGP_Hybrid%20%7C%20AW%20SEM%20%7C%20BKWS%20~%20EXA%20%7C%20Sites%20%7C%20%5B1:1%5D%20%7C%20APAC%20%7C%20EN%20%7C%20Google%20Sites-KWID_43700018274123670-kwd-3794162256-userloc_9069450&utm_term=KW_google%20sites&gclid=CjwKCAiAyrXiBRAjEiwATI95maHywUG-E9r8zVjT0eAsEMkSw_keDWZjRU8TcV2oc_dOHFxOJwXywBoCxWoQAvD_BwE&gclsrc=aw.ds
BAD,https://gurushots.com/
GOOD,https://gurushots.com/
GOOD,https://halide.cam/
BAD,https://highlightstory.com/
BAD,https://highq.com/publisher/
BAD,https://hilarioushound.com/
BAD,https://hobnob.app/
GOOD,https://homedna.com/
GOOD,https://hoptale.com/
BAD,https://hunie.co/
GOOD,https://hurix.com/
BAD,https://hypersay.com
GOOD,https://i-d.vice.com
BAD,https://icedrive.net/
BAD,https://ideaflip.com/
BAD,https://iipvapi.com
BAD,https://imageevent.com/
BAD,https://imenupro.com/
GOOD,https://imgbox.com/
BAD,https://imgur.com
BAD,https://info.looker.com
GOOD,https://infogram.com/
BAD,https://intellyo.com
GOOD,https://ipiccy.com/
BAD,https://itsoncraft.com/product/
GOOD,https://jacoblund.com
BAD,https://jalbum.net/
GOOD,https://jarmemori.es/?ref=betalist
GOOD,https://jauntlet.com/
GOOD,https://jetlaunch.net
GOOD,https://journalate.com/
GOOD,https://journey.cloud/
GOOD,https://jungle-magazine.co.uk/
BAD,https://kapost.com/
GOOD,https://keepsnap.com/
GOOD,https://keepy.me/
GOOD,https://khoros.com
GOOD,https://kindaba.com/
GOOD,https://kitaboo.com
BAD,https://krita.org
BAD,https://labtestsonline.org
BAD,https://laphotoparty.com/
BAD,https://launch.blendle.com/betalist.html?ref=betalist
BAD,https://laverna.cc/
GOOD,https://leanpub.com/
BAD,https://lexum.com/en/products/qweri/
GOOD,https://lifetales.com/
GOOD,https://lightroom.adobe.com/
GOOD,https://livebooks.com
BAD,https://lonestarphotoservices.com
GOOD,https://lovebookonline.com
GOOD,https://ludus.one/
GOOD,https://luster.cc
GOOD,https://madewithover.com/
GOOD,https://makersplace.com/
GOOD,https://manganet.app/?ref=betalist
BAD,https://manifold.umn.edu/
BAD,https://maptia.com/
BAD,https://marketplace.appdirect.com/apps/44782#!features/2015_Upgrade_Features
GOOD,https://mashboothapp.com/
GOOD,https://matadornetwork.com/
BAD,https://mediagoblin.org/
GOOD,https://mediaworks.io/
BAD,https://medibangpaint.com/en/
BAD,https://medibangpaint.com/en/ipad/
BAD,https://medium.com/
GOOD,https://megazine3.de
GOOD,https://micepadapp.com
BAD,https://mindnode.com/mindnode/mac
BAD,https://minidiary.app/
GOOD,https://mobirise.com/
GOOD,https://mobissue.com
BAD,https://momentgarden.com/
GOOD,https://momentgarden.com/
GOOD,https://momentoapp.com/
GOOD,https://monocle.com/magazine/
BAD,https://morguefile.com/
GOOD,https://morningpages.app/
GOOD,https://muffy.io/?ref=betalist
GOOD,https://musecam.co/
GOOD,https://museworks.co/piclab/
BAD,https://myalbum.com/
BAD,https://myfujifilmkiosk.com/
GOOD,https://mylio.com/
GOOD,https://myscenery.io/
BAD,https://mytimelessphotos.com/photo-restoration/
BAD,https://narrators.club/?ref=betalist
BAD,https://neveo.io/#!/
BAD,https://newsnet.ca/
BAD,https://nextcloud.com/
BAD,https://nickpic.host/?lang=en
GOOD,https://niftio.com
BAD,https://notepin.co/
BAD,https://novoresume.com/
BAD,https://nupic.co/
GOOD,https://onceupon.photo
BAD,https://onedrive.live.com/
GOOD,https://orig3n.com
BAD,https://orvium.io/
GOOD,https://owwly.com
BAD,https://owwly.com/feed?ref=betalist
BAD,https://pablo.buffer.com/
GOOD,https://paintberri.com
GOOD,https://pandasuite.com/
BAD,https://papeair.com/
GOOD,https://papeair.com/?ref=betalist
BAD,https://paper.li/
GOOD,https://paperless-publishing.com/
GOOD,https://papermine.com
GOOD,https://passgallery.com/
GOOD,https://path.com
BAD,https://peekaboomoments.com/
GOOD,https://peekaboomoments.com/
GOOD,https://penzu.com/
BAD,https://percolate.com
GOOD,https://petphotosaver.com/
BAD,https://photler.com
GOOD,https://photler.com/
GOOD,https://photographersarsenal.com
BAD,https://photographylife.com/
GOOD,https://photolemur.com/
BAD,https://photoswipe.com/
BAD,https://pic-collage.com/
BAD,https://picallycalendar.com
GOOD,https://picento.com/
BAD,https://picfont.com/
BAD,https://picijo.com/
GOOD,https://picpicsocial.com/
GOOD,https://picr.me/
GOOD,https://picsart.com/?hl=en
BAD,https://picsum.photos/images
GOOD,https://picturekeeper.com
GOOD,https://piktochart.com/
BAD,https://pinholepress.com/
GOOD,https://pinholepress.com/
GOOD,https://pinta-project.com/pintaproject/pinta/
BAD,https://pixabay.com/
GOOD,https://pixide.org
GOOD,https://pixlr.com/
GOOD,https://pixtasocial.com/
GOOD,https://pixteller.com/
BAD,https://placeholder.com/
BAD,https://polar.me/
GOOD,https://popsa.com/
BAD,https://poseyco.com/?ref=betalist
BAD,https://postimages.org/
GOOD,https://prettyinstant.com/
GOOD,https://prezi.com/
GOOD,https://prisma-ai.com/
GOOD,https://procreate.art/
BAD,https://prowritingaid.com/
BAD,https://publications.copernicus.org/
GOOD,https://publishdrive.com/
BAD,https://publishgreen.com/
GOOD,https://publishizer.com/
BAD,https://puppy.pics/
GOOD,https://pureformstudio.com/diarly?ref=betalist
GOOD,https://quickshare.photos/
BAD,https://quotescover.com/
BAD,https://readingeggs.com.au/
GOOD,https://readymag.com
GOOD,https://realviewdigital.co.nz
BAD,https://rednotebook.sourceforge.io/
BAD,https://reedsy.com/
GOOD,https://reflectly.app/
GOOD,https://relaythat.com/
BAD,https://resumebuild.com/
BAD,https://resumegenius.com/
GOOD,https://rizer.co/pixaki/
GOOD,https://savee.it/?ref=betalist
BAD,https://scholasticahq.com/
BAD,https://scienceroot.com/
GOOD,https://scripinweddings.com
BAD,https://sendyourfriendsart.com
GOOD,https://sendyourfriendsart.com
GOOD,https://sendyourfriendsart.com/?ref=betalist
GOOD,https://shnappy.com/?ref=betalist
GOOD,https://silkypix.isl.co.jp/en/product/
BAD,https://simplenote.com/
GOOD,https://simvoly.com/
GOOD,https://skylum.com
BAD,https://skylum.com/luminar?clickid=UT6yie0qjxyJR2J0Mrw2-RyDUkgWLj3-mTvFW00&irpid=221109&utm_content=ONLINE_TRACKING_LINK&utm_source=Future%20PLC.&utm_campaign=mediapartner_cpa&utm_medium=cpa&aclid=&platform=IR
BAD,https://slide.ly/promo/image-resizer/?ref=betalist
GOOD,https://slidebean.com/
BAD,https://slidedog.com/
GOOD,https://snap.as/
GOOD,https://snapifeye.com/
BAD,https://snappa.com/
BAD,https://sodaclick.com/?utm_source=BetaList&ref=betalist
BAD,https://somcloud.com/about/somnote
GOOD,https://sorensongenomics.com
BAD,https://spark.adobe.com/
BAD,https://spoolu.com/?ref=betalist
GOOD,https://steller.co/
GOOD,https://storybird.com/
BAD,https://sway.com/
GOOD,https://sweek.com/#/
BAD,https://tablo.io/
GOOD,https://tacboard.com/
GOOD,https://tapas.io/
BAD,https://teliportme.com/
BAD,https://testsmartlylabs.com/
GOOD,https://thechedrapp.com/
BAD,https://thecookbookapp.com/
GOOD,https://thecookbookapp.com/
GOOD,https://theculturetrip.com/
BAD,https://thefwa.com/cases/flava-note-journal; http://greenmon.net/
BAD,https://thewinnower.com/
GOOD,https://thinkamingo.com/lists-for-writers/
GOOD,https://tikatok.com/
GOOD,https://timeboxapp.com
GOOD,https://timelinesapp.com
GOOD,https://timelinesapp.com/?ref=betalist
BAD,https://tinybeans.com/
GOOD,https://tookapic.com
GOOD,https://topazlabs.com/lens-effects/
GOOD,https://trackmytour.com/
GOOD,https://travelibro.com/
BAD,https://travelshelf.app/dashboard#/
GOOD,https://traverous.com/
GOOD,https://travly.me/
BAD,https://trello.com
GOOD,https://tremobooks.com
BAD,https://tresorit.com/
GOOD,https://tripblan.com/?ref=betalist
BAD,https://tripcast.co/
GOOD,https://tripcast.co/
GOOD,https://tupix.co
GOOD,https://twixlmedia.com
BAD,https://tylio.com/?ref=betalist
GOOD,https://ukit.com/
GOOD,https://ulysses.app/
GOOD,https://umbrellanote.com/
GOOD,https://unsplash.com/
BAD,https://upperpix.com
GOOD,https://ur-take.com/
BAD,https://us.moleskine.com
GOOD,https://us.webnode.com/
GOOD,https://vebbler.com/
BAD,https://vegapublish.com/
GOOD,https://venngage.com/
GOOD,https://veprit.com
GOOD,https://vertiqul.com/features/
GOOD,https://viewbook.com/
BAD,https://viralquotesonline.com/
BAD,https://virtusales.com/
BAD,https://visage.co/
GOOD,https://visual.is/
GOOD,https://vizzlo.com/
BAD,https://voat.co/
GOOD,https://vsco.co/
GOOD,https://waddlehq.com/?ref=producthunt
GOOD,https://waldophotos.com
GOOD,https://walls.io/
GOOD,https://webflow.com/
BAD,https://webfontapp.com/?ref=betalist
GOOD,https://webpublication.co.uk/
GOOD,https://wedbox.com/
BAD,https://weheartit.com/
GOOD,https://wetransfer.com/
BAD,https://wewantyou.at/?ref=betalist
GOOD,https://withjoy.com
GOOD,https://worka.io/
GOOD,https://wp-magazines.com
GOOD,https://wp-magazines.com/
BAD,https://write.as/
GOOD,https://writerduet.com/
BAD,https://www.1000cookbooks.com/
GOOD,https://www.23andme.com/en-eu/
GOOD,https://www.23snaps.com/
GOOD,https://www.3dissue.com/
BAD,https://www.3dslash.net
BAD,https://www.4shared.com/
GOOD,https://www.500px.com/
BAD,https://www.adobe.com/creativecloud.html
GOOD,https://www.adobe.com/products/indesign.html
BAD,https://www.adoramapix.com/
BAD,https://www.adoramapix.com/company/about/
BAD,https://www.adventures-photos.com/
GOOD,https://www.air.cam/
BAD,https://www.airstory.co/
BAD,https://www.album2.com/
GOOD,https://www.alienskin.com/exposure/
GOOD,https://www.allyou.net/en/
BAD,https://www.alphabiolabs.co.uk/
GOOD,https://www.aminus3.com/
BAD,https://www.anabrandt.com/
GOOD,https://www.ancestry.co.uk
BAD,https://www.ancientfaces.com/
GOOD,https://www.anniebabyjournal.com/
BAD,https://www.aptaracorp.com
BAD,https://www.aquafadas.com/
BAD,https://www.aquafadas.com/digital-publishing/
GOOD,https://www.archilovers.com/
BAD,https://www.arcpublishing.com
GOOD,https://www.artfinder.com
GOOD,https://www.artlimited.net/
BAD,https://www.artmag.co.uk
GOOD,https://www.artrage.com/artrage-ios/
GOOD,https://www.artstation.com/
GOOD,https://www.artstorefronts.com/#
GOOD,https://www.artweb.com
GOOD,https://www.atameo.com/
BAD,https://www.atypon.com/
BAD,https://www.authorea.com/
BAD,https://www.autodesk.com
GOOD,https://www.aviary.com/
GOOD,https://www.babystoryapp.com/
BAD,https://www.bannersnack.com/
BAD,https://www.barkography.com/
BAD,https://www.beatrizarrontephotography.com/
GOOD,https://www.bebosphotobooks.com/
GOOD,https://www.behance.net/galleries/7/Photography
GOOD,https://www.belovd.co/
BAD,https://www.bepress.com
BAD,https://www.bibsonomy.org/
BAD,https://www.bigoven.com/
GOOD,https://www.bigoven.com/
BAD,https://www.birdjournal.com/
GOOD,https://www.blackandwhitephotographymag.co.uk
GOOD,https://www.blipfoto.com/
BAD,https://www.bluboot.com/
BAD,https://www.bobbooks.co.uk/
BAD,https://www.bonusprint.co.uk
GOOD,https://www.bookmark.com/
BAD,https://www.bookrix.com/
BAD,https://www.booksie.com/
BAD,https://www.bookthisproject.com
BAD,https://www.buildanewspaper.com/
GOOD,https://www.bulbapp.com/
BAD,https://www.cafepress.com/
BAD,https://www.calendarlabs.com/photo-calendar/
BAD,https://www.calgarybabyphotos.com/
BAD,https://www.canva.com/
GOOD,https://www.canva.com/
GOOD,https://www.carbon.studio/dialogue?ref=betalist
GOOD,https://www.carmagazine.co.uk/
GOOD,https://www.celtx.com/index.html
GOOD,https://www.ceros.com/
BAD,https://www.chartblocks.com
BAD,https://www.clickasnap.com/
BAD,https://www.cluvio.com
BAD,https://www.collageitfree.com/
BAD,https://www.contena.co/
BAD,https://www.coroflot.com/
BAD,https://www.coverpageapp.com/
BAD,https://www.createspace.com/
GOOD,https://www.crowdcam.co/
BAD,https://www.crowdspring.com/
GOOD,https://www.cupslice.com/
BAD,https://www.cyndislist.com/photos/restoration/
GOOD,https://www.darktable.org/
BAD,https://www.dashub.info/site/
GOOD,https://www.dcatalog.com/
GOOD,https://www.designbold.com/
BAD,https://www.designhill.com/
GOOD,https://www.desygner.com/
BAD,https://www.dextra.com/?ref=betalist
GOOD,https://www.dezeen.com/contact/
BAD,https://www.diggypod.com/
BAD,https://www.dk-photography.com.au
BAD,https://www.dojournalapp.com/
BAD,https://www.doodleaddicts.com/
GOOD,https://www.dphoto.com/
BAD,https://www.draft2digital.com
BAD,https://www.dreamartphotography.com/
BAD,https://www.dreamstime.com/
GOOD,https://www.dropbox.com/
GOOD,https://www.drupal.org/
GOOD,https://www.duda.co/
GOOD,https://www.dumbofeather.com/about/contact/
BAD,https://www.easy-dna.com
GOOD,https://www.eclipso.eu
GOOD,https://www.edelpaper.com
BAD,https://www.editiondigital.com
GOOD,https://www.emeraldinsight.com/
GOOD,https://www.epageview.com/
GOOD,https://www.ephotozine.com/
GOOD,https://www.espoto.com/en/pixlib-photo-app/
GOOD,https://www.esquire.com
BAD,https://www.etsy.com/
GOOD,https://www.eventer.cc/
BAD,https://www.everpix.com/
BAD,https://www.evite.com
BAD,https://www.explory.com/
BAD,https://www.facetuneapp.com/
GOOD,https://www.fadeinpro.com/
GOOD,https://www.familytreedna.com/
GOOD,https://www.familywall.com
BAD,https://www.farfaria.com/
GOOD,https://www.fastpencil.com/
BAD,https://www.feralhorses.co.uk/?ref=betalist
GOOD,https://www.fiftythree.com/contact
GOOD,https://www.finaldraft.com/
GOOD,https://www.findrow.com/apps
GOOD,https://www.finisherpix.com
BAD,https://www.fiverr.com/
GOOD,https://www.flashframe.io
GOOD,https://www.flassh.co/
GOOD,https://www.flickr.com
BAD,https://www.flipbuilder.com
BAD,https://www.flipchap.com
GOOD,https://www.flipgorilla.com/
GOOD,https://www.flipsnack.com
BAD,https://www.foap.com/
BAD,https://www.fodey.com/generators/newspaper/snippet.asp
GOOD,https://www.foliowebsites.com/
BAD,https://www.forever.com/
GOOD,https://www.format.com/
GOOD,https://www.fotocommunity.com/
GOOD,https://www.fotojet.com/
BAD,https://www.fulcrum.org/
GOOD,https://www.genebase.com/
BAD,https://www.geosnapshots.com/
BAD,https://www.getblogo.com/
BAD,https://www.getepic.com
BAD,https://www.getflowlingo.com
BAD,https://www.getjealous.com/
GOOD,https://www.getkeepsafe.com/products/photo-vault/
GOOD,https://www.getmagpie.app
GOOD,https://www.getsnappic.com
GOOD,https://www.gettotallyrad.com
BAD,https://www.getunderlined.com
BAD,https://www.gimp.org/
BAD,https://www.glancemetrics.com/?ref=betalist
BAD,https://www.glisser.com/
GOOD,https://www.globaldelight.com/iphone/cameraplus/
GOOD,https://www.godaddy.com/websites/website-builder
BAD,https://www.goodnightjournal.com/
GOOD,https://www.goodnotes.com/
BAD,https://www.google.com/drive/
BAD,https://www.gradimages.com/
GOOD,https://www.graphic.com/
BAD,https://www.greenvelope.com/
BAD,https://www.greetingsisland.com
GOOD,https://www.greetix.com/
BAD,https://www.gregdutoit.com/
GOOD,https://www.grow.com
GOOD,https://www.haikudeck.com/
GOOD,https://www.happyfeed.co/?ref=betalist
BAD,https://www.hashdoc.com/
BAD,https://www.hatchwise.com/
GOOD,https://www.hdrsoft.com/
BAD,https://www.helperbird.com/?ref=betalist
BAD,https://www.highwirepress.com/
GOOD,https://www.hkphotobox.com/
BAD,https://www.homednadirect.com/
BAD,https://www.icloud.com/
GOOD,https://www.igenea.com
GOOD,https://www.iloveimg.com
BAD,https://www.imagecleanup.com/
GOOD,https://www.impelsys.com
GOOD,https://www.inaturalist.org/
GOOD,https://www.inkitt.com/?ref=betalist
BAD,https://www.inkling.com
BAD,https://www.inkshares.com/
BAD,https://www.innocence-paris.com
GOOD,https://www.inpixio.com/
BAD,https://www.instagram.com/banksy/
BAD,https://www.instagram.com/ifyouhigh/
BAD,https://www.instagram.com/plastik/
GOOD,https://www.instantflipbook.com/
GOOD,https://www.instantmagazine.com
GOOD,https://www.intelligentchange.com/pages/five-minute-journal-app
GOOD,https://www.intellimidia.com/
BAD,https://www.intuilab.com/
BAD,https://www.ioninteractive.com/
GOOD,https://www.ipaper.io/
BAD,https://www.iresizer.com/
BAD,https://www.irista.com/
BAD,https://www.islide.cc
GOOD,https://www.ispringsolutions.com
BAD,https://www.jessicaarellinphotography.com/
GOOD,https://www.joomla.org/
GOOD,https://www.journalit.me/
GOOD,https://www.journiapp.com/
GOOD,https://www.journohq.com/
GOOD,https://www.keepsayk.com/
GOOD,https://www.kickstarter.com/projects/1045868896/outside-the-bubble-a-creative-travel-journal
GOOD,https://www.kinecho.com
GOOD,https://www.klasterme.com/?ref=betalist
GOOD,https://www.knkpublishingsoftware.com/
BAD,https://www.kobo.com/
BAD,https://www.kodakmomentsapp.com/en/
GOOD,https://www.kotobee.com
BAD,https://www.krop.com/
BAD,https://www.kuzilova.com
GOOD,https://www.kyoapp.com/
GOOD,https://www.lensculture.com/
GOOD,https://www.letsconnectlens.com/
GOOD,https://www.libreoffice.org/
BAD,https://www.lifecake.com/
GOOD,https://www.lifecake.com/
GOOD,https://www.lifeofpix.com
GOOD,https://www.literatureandlatte.com/scrivener/overview
BAD,https://www.littlemeandmy.com
GOOD,https://www.liveality.com/
BAD,https://www.livejournal.com/
BAD,https://www.localprintsnow.com/
GOOD,https://www.loggyourlife.com/?ref=betalist
BAD,https://www.logopony.com/?ref=betalist
GOOD,https://www.lomography.com/
BAD,https://www.lonelyplanet.com/trips
GOOD,https://www.lonelyplanet.com/trips
BAD,https://www.lookslikefilm.com
BAD,https://www.loom.com/
GOOD,https://www.lucidpress.com/
GOOD,https://www.madmagz.com/
GOOD,https://www.magazinemanager.com
GOOD,https://www.maghub.com/
BAD,https://www.magicedtech.com/
BAD,https://www.magix.com/int/apps/cameramx/
GOOD,https://www.magloft.com
GOOD,https://www.maglr.com/en
GOOD,https://www.magmanager.co.uk
BAD,https://www.magplus.com/
BAD,https://www.makebeliefscomix.com
BAD,https://www.mandatory.com/
GOOD,https://www.manning.com/
BAD,https://www.markedshot.com/
BAD,https://www.mediaocean.com/ca/solutions/digital-publishers
BAD,https://www.mehmz.com/?ref=betalist
BAD,https://www.mendeley.com/
BAD,https://www.mentimeter.com
BAD,https://www.mequoda.com
GOOD,https://www.mextures.com/
BAD,https://www.microsoft.com/en-us/p/diarium-private-diary-daily-journal/9nblggh4vzz1?activetab=pivot:overviewtab
BAD,https://www.microsoft.com/en-us/p/ejournal/9wzdncrdcj6k?activetab=pivot:overviewtab
BAD,https://www.microsoft.com/en-us/p/paperstreet-journal/9nblggh68hr6
GOOD,https://www.milanote.com/
BAD,https://www.milanote.com/?ref=betalist
BAD,https://www.milkbooks.com/
BAD,https://www.mindmeister.com/content/features
BAD,https://www.minube.net/
GOOD,https://www.minube.net/
BAD,https://www.mixbook.com/
BAD,https://www.monkkee.com/en/
GOOD,https://www.moonfruit.com/
GOOD,https://www.motifphotos.com
BAD,https://www.mphotographyeastlondon.co.uk/
GOOD,https://www.mpslimited.com/
BAD,https://www.mpslimited.com/digicore/
BAD,https://www.mycanvas.com/
GOOD,https://www.mycookbook-online.net
BAD,https://www.mycookbook-online.net/en/home/
BAD,https://www.myecovermaker.com/
BAD,https://www.myheritage.com/dna
BAD,https://www.myperfectresume.com/
GOOD,https://www.mystorybook.com/
GOOD,https://www.mytravelerapp.com/
GOOD,https://www.nationalgeographic.com/
GOOD,https://www.naturephotoportal.com/
BAD,https://www.newyorker.com/
GOOD,https://www.nikonimagespace.com/
GOOD,https://www.ning.com/
GOOD,https://www.notabli.com/
GOOD,https://www.notebook.ai/
GOOD,https://www.nytimes.com/
GOOD,https://www.ographr.com/
BAD,https://www.oilpixel.com/
BAD,https://www.omsphoto.com
GOOD,https://www.on1.com/apps/effects10free/
GOOD,https://www.one-read.com/
GOOD,https://www.onechronicle.com
GOOD,https://www.onelifetime.com
GOOD,https://www.opfreuler.com/
GOOD,https://www.ourdaysapp.com/
GOOD,https://www.overshot.io/?ref=betalist
GOOD,https://www.pacegallery.com/
BAD,https://www.pagemajik.com/#
BAD,https://www.paigeeworld.com
GOOD,https://www.painterartist.com/en/product/painter/
GOOD,https://www.paintshoppro.com/en/
BAD,https://www.paneljam.com/
BAD,https://www.paperlesspost.com/
GOOD,https://www.paperturn.com
GOOD,https://www.papier.com
BAD,https://www.pathfactory.com
GOOD,https://www.patreon.com/
BAD,https://www.pawpixels.com/
GOOD,https://www.pcloud.com/
BAD,https://www.penana.com/
BAD,https://www.pentaxphotogallery.com/
GOOD,https://www.pepperplate.com/
BAD,https://www.perspectivia.net/
GOOD,https://www.pexels.com/
GOOD,https://www.phaseone.com/en/Products/Software/Capture-One-Pro/Highlights.aspx
GOOD,https://www.photo.gallery/
BAD,https://www.photoalbm.com/
GOOD,https://www.photoblog.com/
BAD,https://www.photobox.co.uk/
GOOD,https://www.photobutler.com/
GOOD,https://www.photocrowd.com/
GOOD,https://www.photoday.io
GOOD,https://www.photodeck.com/
GOOD,https://www.photofie.com/
GOOD,https://www.photographytalk.com/
BAD,https://www.photoscissors.com/
GOOD,https://www.photoshelter.com/
GOOD,https://www.photoshelter.com/lattice/home/inspired
BAD,https://www.photostitcher.com/
BAD,https://www.photovisi.com/
GOOD,https://www.photovisi.com/
BAD,https://www.picaboo.com/
GOOD,https://www.picdrop.de
GOOD,https://www.picktorial.com/
GOOD,https://www.picmonkey.com
GOOD,https://www.picnut.com/
BAD,https://www.picozu.com/
GOOD,https://www.picturethat.io/?ref=betalist
BAD,https://www.pikperfect.com
GOOD,https://www.piktures.app
GOOD,https://www.pinterest.com/
BAD,https://www.pintsizeproductions.com/
GOOD,https://www.pixean.com/
GOOD,https://www.pixelmator.com/pro/
BAD,https://www.pixelz.com/
BAD,https://www.pixieapp.co/
BAD,https://www.pixiv.net/
BAD,https://www.pixpa.com/
BAD,https://www.pixton.com/
GOOD,https://www.pixxcell.com/
GOOD,https://www.pl32.com/
GOOD,https://www.playboy.com/
BAD,https://www.playbuzz.com/
BAD,https://www.plecto.com
GOOD,https://www.polarr.co/editor/0
BAD,https://www.polarsteps.com/
BAD,https://www.popbook.eu/
GOOD,https://www.portfoliobox.net/
GOOD,https://www.portraitprofessional.com/
BAD,https://www.portraitprofessional.com/#
GOOD,https://www.posterini.com/
GOOD,https://www.postermywall.com/
BAD,https://www.powerhousephoto.co.uk/
GOOD,https://www.presspadapp.com/
BAD,https://www.prettyinstant.com/
GOOD,https://www.procamapp.com/
GOOD,https://www.procamera-app.com/en/
GOOD,https://www.proofpix.com
GOOD,https://www.publishpaper.com/en/
BAD,https://www.publishthis.com
GOOD,https://www.publitas.com/
GOOD,https://www.publizard.com/
BAD,https://www.qa.unwander.com/
GOOD,https://www.qards.io/?ref=betalist
GOOD,https://www.qnap.com
BAD,https://www.ratemydrawings.com/
BAD,https://www.ratemydrawings.com/
BAD,https://www.readory.com/
GOOD,https://www.readz.com/homepage
BAD,https://www.reddit.com/
GOOD,https://www.relive.cc/about
GOOD,https://www.resnap.com/
BAD,https://www.resume-now.com/
BAD,https://www.resume.com/
BAD,https://www.resumesplanet.com
BAD,https://www.resumonk.com/
BAD,https://www.rexpad.com/?ref=betalist
GOOD,https://www.ribbet.com/
GOOD,https://www.rootsforreal.com
BAD,https://www.rosemood.co.uk
BAD,https://www.rspb-images.com
GOOD,https://www.runmags.com
BAD,https://www.saatchiart.com
GOOD,https://www.samsaidyes.com
BAD,https://www.sandcage.com/
BAD,https://www.scancafe.com/pricing
BAD,https://www.scanmyphotos.com/
BAD,https://www.scoop.it/
BAD,https://www.scoop.it/
BAD,https://www.scribd.com/
GOOD,https://www.scribus.net
GOOD,https://www.seagate.com
GOOD,https://www.securetribeapp.com/
GOOD,https://www.semplice.com/
GOOD,https://www.sharezieapp.com/
GOOD,https://www.sharypic.com/
BAD,https://www.shootmytravel.com/
GOOD,https://www.shootproof.com/
BAD,https://www.shortstory.com.au/
BAD,https://www.shortstorylovers.com
BAD,https://www.shutterfly.com
BAD,https://www.shutterfly.com
BAD,https://www.siliconpublishing.com
BAD,https://www.silverchair.com/
GOOD,https://www.site123.com/
GOOD,https://www.sketchbook.com/mobile
BAD,https://www.sketchhappens.com/?ref=betalist
GOOD,https://www.sketchup.com/
GOOD,https://www.slickpic.com/
BAD,https://www.smartdraw.com
BAD,https://www.smartsheet.com/free-monthly-calendar-templates
BAD,https://www.smashwords.com/
GOOD,https://www.smilebooth.com
GOOD,https://www.smilebox.com/
GOOD,https://www.smiledealers.com
GOOD,https://www.smugmug.com
BAD,https://www.smugmug.com/
BAD,https://www.snapfish.com
GOOD,https://www.snapizzi.com/
GOOD,https://www.snapplify.com/
GOOD,https://www.snaptured.com.au
BAD,https://www.snapwi.re/
GOOD,https://www.snupps.com/
BAD,https://www.sohophoto.com
GOOD,https://www.splento.com/
BAD,https://www.splinterware.com/products/idailydiary.html
BAD,https://www.sportphotogallery.com/
BAD,https://www.stevebloom.com/
BAD,https://www.stiki.io
BAD,https://www.storied.co/
GOOD,https://www.storyboardthat.com/
GOOD,https://www.storybots.com/
BAD,https://www.storylineonline.net/
GOOD,https://www.storymixmedia.com
GOOD,https://www.strikingly.com/
GOOD,https://www.sumopaint.com/
BAD,https://www.superstock.com
BAD,https://www.sutori.com
BAD,https://www.suzanneobrienstudio.com
BAD,https://www.sweetbaby.co/
GOOD,https://www.swiftpublisher.com/?irgwc=1
GOOD,https://www.sympleapp.com/
BAD,https://www.synology.com/en-global/company
BAD,https://www.tableau.com
GOOD,https://www.tagily.io/
BAD,https://www.tealpod.com/?ref=betalist
GOOD,https://www.texteventpics.com/
GOOD,https://www.textile.photos/
GOOD,https://www.textile.photos/?ref=betalist
BAD,https://www.theduckwebcomics.com
BAD,https://www.theinpaint.com/
BAD,https://www.theknot.com
GOOD,https://www.theknot.com/photo-sharing-app/
GOOD,https://www.theleyefe.com/
BAD,https://www.thephotoargus.com/
BAD,https://www.thinglink.com/
GOOD,https://www.timehop.com/about/
BAD,https://www.timetoast.com
BAD,https://www.tourgetherapp.com
BAD,https://www.travelblog.org/
BAD,https://www.travellerspoint.com/
GOOD,https://www.traveloca.com/start-travel-blog.html
BAD,https://www.travelphotographers.net/
BAD,https://www.treasuredimage.com
BAD,https://www.trekearth.com/
GOOD,https://www.tripmii.com/
BAD,https://www.tripoto.com/
BAD,https://www.tucia.com/
GOOD,https://www.tumblr.com/
BAD,https://www.turngram.com/
BAD,https://www.tuxpi.com
BAD,https://www.tuxpi.com
BAD,https://www.tweedwolf.com
GOOD,https://www.tweedwolf.com/
BAD,https://www.tweekaboo.com/
GOOD,https://www.tweekaboo.com/
GOOD,https://www.twipemobile.com
BAD,https://www.twobrightlights.com
GOOD,https://www.typicapp.com
GOOD,https://www.ucraft.com/
BAD,https://www.uniflip.com/
GOOD,https://www.uniteforliteracy.com/
GOOD,https://www.use.com/
GOOD,https://www.vectary.com
BAD,https://www.venturephotography.com
BAD,https://www.veruscript.com/publishing-services/
GOOD,https://www.viewbug.com/apps/ios
GOOD,https://www.visme.co/
BAD,https://www.visualcv.com/
BAD,https://www.vivaphotography.com.au
BAD,https://www.vivid-pix.com/
BAD,https://www.vodori.com
BAD,https://www.voimada.com/?ref=betalist
GOOD,https://www.wacom.com/en-es/products/apps-services/bamboo-paper
GOOD,https://www.wacom.com/en-us
BAD,https://www.wattpad.com/
BAD,https://www.webinpaint.com/
GOOD,https://www.webs.com/
GOOD,https://www.webstarts.com/
BAD,https://www.webstaurantstore.com/menu-designer.html
GOOD,https://www.weddies.net/
GOOD,https://www.wedding-photo-sharing.com/
GOOD,https://www.weddingphotoswap.com/
BAD,https://www.weddingwire.com/
GOOD,https://www.wedoweddingapp.com
GOOD,https://www.wedshoots.com/
GOOD,https://www.wedswing.com/
GOOD,https://www.weebly.com
BAD,https://www.whygo.com/
GOOD,https://www.wix.com/
BAD,https://www.woodwing.com
BAD,https://www.worldnomads.com/row/
BAD,https://www.writediary.com/
BAD,https://www.writerply.com
BAD,https://www.writing.com/
GOOD,https://www.xcode.life/
GOOD,https://www.xkcd.com/
GOOD,https://www.yogile.com/
BAD,https://www.youscribe.com/
BAD,https://www.yseq.net/
BAD,https://www.zazzle.com/
BAD,https://www.zoho.com/
GOOD,https://www.zoho.eu/writer/
GOOD,https://www.zoner.com
GOOD,https://www.zoombook.com
BAD,https://www.zotero.org/
GOOD,https://www199.lunapic.com
BAD,https://www2.allenpress.com/
GOOD,https://yooba.com
GOOD,https://youpic.com/
GOOD,https://youzign.com/
BAD,https://zerply.com/
GOOD,https://zinelab.net/?ref=betalist
GOOD,https://zmags.com/
BAD,https://zurb.com/blog/zurb-acquires-forrst
GOOD,Instantmagazine.com
GOOD,issuu.com
GOOD,kyte.com
GOOD,life-framer.com
GOOD,maptia.com
BAD,myscreenplays-free.en.9apps.com
BAD,noicemagazine.com
BAD,paper-journal.com
GOOD,pastbook.com
GOOD,photo.net
GOOD,photocircleapp.com
GOOD,plotaverse.com
GOOD,plotaverse.com
GOOD,shareyourphotos.com
GOOD,subjectivelyobjective.com
GOOD,trackmytour.com
GOOD,www.appycouple.com
GOOD,www.babypicsapp.com
GOOD,www.bongeo.com/
GOOD,www.ceremonyapp.com
GOOD,www.frankiepress.com.au
BAD,www.groovebook.com
BAD,www.honeyfund.com
BAD,www.hostgator.com/‎
BAD,www.ifolor.com
BAD,www.ipage.com/‎
GOOD,www.joomag.com
BAD,www.naturepl.com
BAD,www.oneeyeland.com
GOOD,www.photobucket.com
BAD,www.photoinpress.ca
BAD,www.pikperfect.com
BAD,www.polaroidoriginals.com
BAD,www.redbubble.com/
BAD,www.ritzpix.com
BAD,www.shutterfly.com
BAD,www.vero.co
GOOD,www.worldpressphoto.org
BAD,www.zno.com
GOOD,yumpu.com
