('GOOD', ' ', u'Journey JotterPad Blog Help Desk Design, Program & Lifestyle Two App Studio Pte. Ltd. is a company based in Singapore that develops popular in-house app titles such as Journey, JotterPad, MoodCast and Weave. Together, the apps have garnered over 1 million total app downloads and received recognition and various awards such as the Google Play Editors\u2019 Choice, Chrome Web Store Editors\u2019 Choice and "FWA of the day". Two App Studio is part of Google Play Partners and Google Play Top Developers. The company has also worked with many companies such as Sephora Digital South East Asia (SEA) Pte Ltd and HSL Constructor Pte Ltd kiosk app for International Water Week \'16. For enquiries on external projects, integrating online payment solution with pay.2appstudio & Journey.Cloud , feel free to talk to us here . What\'s Happening Contact Us For more information, refer to the Help Desk , Feedback , or email us at help@2appstudio.com . \xa9 2018 Two App Studio Pte. Ltd., Singapore.')
('GOOD', ' ', u"Skip to main content Products Overview Photo Books Trade Books Magazines Notebooks Ebooks Templates Pricing Design Tools Overview BookWright PDF To Book Adobe InDesign Adobe Lightroom iOS App Services Large Order Services API Printing Hire an Expert Sell & Self-Publish Overview Blurb Bookstore Amazon Ingram Apple iBooks Store Kickstarter Bookstore Overview Photo Books Trade Books Magazines Notebooks Ebooks Templates Pricing BookWright PDF To Book Adobe InDesign Adobe Lightroom iOS App Large Order Services API Printing Hire an Expert Blurb Bookstore Amazon Ingram Apple iBooks Store Kickstarter That page is nowhere to be found. You've found a page that doesn't really exist. Sure it's here, but the content you're looking for is elsewhere. Give it another go by clicking back and trying again or visiting our home page or help pages instead... Home Help")
('GOOD', ' ', u"Blog FAQ Not Found Unfortunately, the page you're looking for doesn't exist. Solutions Corporate & Other Businesses Educational Institutions Publishers & Authors Readers About BookFusion About Us Blog Contact Us Copyright \xa9 2019 BookFusion About Copyrights Terms & Conditions Privacy Help")
('GOOD', ' ', u'Edition Digital Smart Digital Publishing System | Edition Digital 2019 Edition Digital publishing software unifies all crucial points of effective digital publishing; creating, managing, distributing, monetising and analysing. Edition Digital, Smart Digital Publishing System, Edition Digital Firestorm, Edition Digital Infinity, Digital Magazine, Responsive Design, Cross-platform compatibility, Gamification, Mobile Navigation Showcase Features Pricing Help Edition Digital Smart Digital Publishing System | Edition Digital 2019 Edition Digital publishing software unifies all crucial points of effective digital publishing; creating, managing, distributing, monetising and analysing. Edition Digital, Smart Digital Publishing System, Edition Digital Firestorm, Edition Digital Infinity, Digital Magazine, Responsive Design, Cross-platform compatibility, Gamification, Mobile Navigation Showcase Features Pricing Help')
('GOOD', ' ', u"Skip to content Call us toll free: (+31) 85 88 88 497 Language: English Nederlands Espa\xf1ol Epublisher \u2013 digital publishing solutions Publishing solutions Digital magazines Digital newspapers Document center Article commerce E-Books Corporate communications Custom Apps e-Commerce Platform For Digital & Physical Publications! Publishing services Clipping Services Subscription Services Data Warehousing! Location Based Services or Pricing! How we do it IOS & Android kiosk Apps HTML5 Magazine and Article Webreader The Creator Social Media Integration ePublisher API Advertisement Platform Microsoft Azure Cloud Hosting! Strategic Advice For Digital Transformation Location Based Functions! Work and Clients Work Clients About ePublisher Pricing Contact Publishing solutions Digital magazines Digital newspapers Document center Article commerce E-Books Corporate communications Custom Apps e-Commerce Platform For Digital & Physical Publications! Publishing services Clipping Services Subscription Services Data Warehousing! Location Based Services or Pricing! How we do it IOS & Android kiosk Apps HTML5 Magazine and Article Webreader The Creator Social Media Integration ePublisher API Advertisement Platform Microsoft Azure Cloud Hosting! Strategic Advice For Digital Transformation Location Based Functions! Work and Clients Work Clients About ePublisher Pricing Contact You are here: Home Error 404 Page not found Oops! That page can\u2019t be found. It looks like nothing was found at this location. Maybe try to use a search? SUBSCRIBE TO OUR NEWSLETTER Leave this field empty if you're human: \xa92008-2019 ePublisher. WordPress Video Lightbox Plugin")
('GOOD', ' ', 'HTTPSConnectionPool(host=\'esplor.io\', port=443): Max retries exceeded with url: /%0D%0A (Caused by SSLError(SSLError("bad handshake: Error([(\'SSL routines\', \'tls_process_server_certificate\', \'certificate verify failed\')],)",),))')
('GOOD', ' ', u'Page Not Found Sorry, that page was not found. Search Exposure below, or go back to the homepage . Search')
('GOOD', ' ', u'Bad Request - Invalid URL HTTP Error 400. The request URL is invalid.')
('GOOD', ' ', u'Page not found. Access is temporarily unavailable or the address is incorrect. (Error Code: 404) Copyright (C) mixi, Inc. All rights reserved.')
('GOOD', ' ', "HTTPSConnectionPool(host='findpenguins.com%0d%0a', port=443): Max retries exceeded with url: / (Caused by NewConnectionError('<urllib3.connection.VerifiedHTTPSConnection object at 0x7fec545590d0>: Failed to establish a new connection: [Errno -2] Name or service not known',))")
('BAD', ' ', u'Looking for design inspiration?\xa0\xa0\xa0Browse our curated collections ! Keyword Keyword Artist Keyword + Artist Title Title + Artist Shop Create Sell Discover 0 Home Search Type Keyword Keyword Title Artist Title + Artist Keyword + Artist Shop Sell Discover Create Tour Community About Join Sign In Back All Products Wall Art Shop All Wall Art Canvas Prints Framed Prints Metal Prints Acrylic Prints Wood Prints Prints Posters Tapestries Home Decor Throw Pillows Fleece Blankets Duvet Covers Shower Curtains Bath Towels Hand Towels Coffee Mugs Phone Cases iPhone Cases Galaxy Cases Mobile Device Battery Chargers Lifestyle Carry-All Pouches Tote Bags Weekender Tote Bags Mobile Device Chargers Yoga Mats Beach Beach Towels Beach Sheets Round Beach Towels Tote Bags Weekender Tote Bags Mens\'s Apparel T-Shirts Premium T-Shirts V-Neck T-Shirts Long Sleeve T-Shirts Baseball T-Shirts Tank Tops Hooded Sweatshirts Tote Bags Women\'s Apparel T-Shirts V-Neck T-Shirts Junior T-Shirts Long Sleeve T-Shirts Tank Tops Hooded Sweatshirts Tote Bags Toddlers & Babies Kid\'s T-Shirts Toddler T-Shirts Baby Onesies Greeting Cards & Stationery Greeting Cards Spiral Notebooks Back All Products Wall Art Painted Portraits Mail & Frame Canvas Prints Framed Prints Metal Prints Acrylic Prints Wood Prints Prints Posters Tapestries Home Decor Throw Pillows Duvet Covers Shower Curtains Bath Towels Fleece Blankets Coffee Mugs Lifestyle Yoga Mats Tote Bags Weekender Tote Bags Zip Pouches Phone Cases iPhone Cases Galaxy Cases Apparel Men\'s T-Shirts Women\'s T-Shirts Men\'s Tank Tops Women\'s Tank Tops Sweatshirts Kids T-Shirts Baby Onesies Tote Bags Back Meet the Members Discussions Groups Contests Events Who\'s Online Join Back Artists Galleries Buyers Back About Us Contact Us iOS App Android App Shopify App TV Commercials Radio Commercials Satisfaction Guarantee Take a Tour Toggle Mobile Navigation Menu Wall Art Home Decor Lifestyle Tech iPhone Cases Galaxy Cases Mobile Device Chargers Stationery Greeting Cards Spiral Notebooks Collections All Collections Shop by Room Shop by House Style Shop by Personal Interests Shop for Holidays Shop by Subject Featured Artists Featured Brands Norman Rockwell Paintings Norman Rockwell Prints Bob Ross Paintings View All Collections Subjects Abstracts Animals Celebrities Cities Fantasy Flowers Impressionism Landscapes Music Patterns Science Fiction Skylines Sunsets Wine View All Subjects Sign In Artists / Photographers Galleries Collectors Join Community Discussions Groups Contests Events Wall Art Framed Prints Canvas Prints Metal Prints Acrylic Prints Wood Prints Art Prints Posters Tapestries Originals All Wall Art Art Media Paintings Photographs Illustrations / Drawings Digital Art Mixed Media View All Media Rooms Living Room Kitchen Master Bedroom Home Theater Boy\'s Bedroom Girl\'s Bedroom Nursery / Baby\'s Room View All Rooms House Styles Beach House Contemporary Modern Rustic Cabin Southwest Bachelor Pad City Condo / Apartment View All House Styles Subjects Abstracts Animals Celebrities Cities Flowers Landscapes Music Sunsets View All Subjects Home Decor Throw Pillows Fleece Blankets Duvet Covers Shower Curtains Bath Hand Towels Bath Towels Bath Sheets Shower Curtains Kitchen Coffee Mugs Hand Towels Bags & Pouches Tote Bags Weekender Tote Bags Zip Pouches Bags & Pouches Tote Bags Weekender Tote Bags Carry-All Pouches Athletics Yoga Mats NEW Towels Men\'s T-Shirts Women\'s T-Shirts Beach Beach Towels Beach Sheets Round Beach Towels Mugs Coffee Mugs Wall Art Painted Portraits NEW Mail & Frame NEW Canvas Prints Framed Prints Metal Prints Acrylic Prints Wood Prints Art Prints Posters Tapestries Phone Cases iPhone Cases Galaxy Cases Home Decor Throw Pillows Duvet Covers Shower Curtains Bath Towels Fleece Blankets Coffee Mugs Lifestyle Yoga Mats Tote Bags Weekender Tote Bags Zip Pouches Apparel Men\'s T-Shirts Men\'s Tank Tops Women\'s T-Shirts Women\'s Tank Tops Hooded Sweatshirts Youth / Toddler T-Shirts Baby Onesies Stationery Greeting Cards Spiral Notebooks Beach Beach Towels Beach Towels Tote Bags Weekender Tote Bags Zip Pouches Sellers Independent Artists Businesses & Brands Community Discussions Groups Contests Events Member News Member Blogs Activity Activity Today\'s New Members Today\'s New Uploads Activity Leaders Who\'s Online? Wall Art Canvas Prints Framed Prints Metal Prints Acrylic Prints Wood Prints Art Prints Posters Tapestries Original Artwork Art Media Paintings Photographs Drawings Digital Art Mixed Media Home Decor Throw Pillows Fleece Blankets Duvet Covers Shower Curtains Hand Towels Bath Towels Bath Sheets Coffee Mugs Lifestyle Yoga Mats NEW Tote Bags Weekender Tote Bags Carry-All Pouches iPhone Cases Galaxy Cases Mobile Device Chargers Beach Round Beach Towels Beach Towels Weekender Tote Bags Tote Bags Carry-All Pouches Mobile Device Chargers Tech iPhone Cases Galaxy Cases Travel Chargers Men\'s Apparel T-Shirts Premium T-Shirts Slim Fit T-Shirts V-Neck T-Shirts Long Sleeve T-Shirts Sweatshirts / Hoodies Women\'s Apparel Women\'s T-Shirts Women\'s V-Neck T-Shirts Junior T-Shirts Youth Apparel Kid\'s T-Shirts Toddler T-Shirts Baby Onesies Stationery Greeting Cards Spiral Notebooks Wall Art Home Decor Lifestyle Apparel Tech Beach Collections Where Art Comes to Life TM Hundreds of thousands of independent artists and iconic brands... millions of unique products... 14 global production facilities in 5 different countries running 24 hours per day... and the world\'s hardest working staff running the show from Santa Monica, California.\xa0\xa0\xa0Decorate your home and accessorize your life with incredible works of art, and help support living artists all over the world.\xa0\xa0\xa0Welcome to Fine Art America. Featured Collections Landscapes Photography Vintage View More... The Complete Slim Aarons Collection 929 Designs Rock Royalty 120 Designs Norman Rockwell 73 Designs The Best of Erin Hanson 58 Designs Michael Tompsett Maps 170 Designs Sultry Plants 47 Designs Stunning Photography - 1X 3372 Designs Minimalist Children\'s Stories 25 Designs Bistro 42 Designs Watercolor Pop Icons 32 Designs New Yorker Magazine Covers 2793 Designs Femme Fatale 21 Designs Displaying: 1 - 12 of 26 All Pages Next View All Curated Collections on Fine Art America Shop for Wall Art, Home Decor, and More Browse through millions of unique products created by independent artists from all over the world.\xa0\xa0\xa0Each product is manufactured, on-demand, at one of our 14 global production facilities and will be on its way to you within 3 - 4 business days. Framed Prints Canvas Prints Acrylic Prints Metal Prints Art Prints Posters Shop Wall Art Throw Pillows Duvet Covers Shower Curtains Shop Home Decor iPhone Cases Galaxy Cases Portable Chargers Shop Tech Tote Bags Carry-All Pouches Coffee Mugs Shop Lifestyle Men\'s T-Shirts Women\'s T-Shirts Tank Tops Shop Apparel Shop by Art Medium Pick a medium... any medium.\xa0\xa0\xa0We\'ve got millions of images in each category from independent artists all over the world. Paintings Photographs Digital Art Illustrations Mixed Media Originals Shop by Subject Select a subject, below, in order to view artwork from hundreds of thousands of artists from all over the world. Abstract Animals Cities Fantasy Landscapes Science Fiction More Subjects Create Your Own Art Transform your images and personal possessions into wall art, home decor, apparel, and more. Upload & Create Painted Portraits Mail & Frame Create Your Own Meet the Artists Hundreds of thousands of artists, photographers, and national brands sell their artwork on Fine Art America. Find out why... Donald Maier Marietta, GA Shanna Vincent New Orleans, LA Christian Jackson St. Charles, IL Rob Snow Thessaloniki, Greece Marc Evans Kingston, Jamaica Adnan Bhatti Calgary, Canada Inspirowl Design Tbilisi, Georgia Anne Geddes New York Stacia Weiss Kansas City, MO Erin Hanson San Diego, CA Stormy Wilson Bozeman, MT Larry Marshall Carlsbad, CA Martine Roch Dijon, France Lindsay Frost Sand Lake, NY Margot King Chestertown, MD Marino Flovent Reykjav\xedk, Iceland Richard Day Norwich, United King... Parker Cunningham Alabama Meet the Artists Sell Your Art Take a Tour Take a tour of the world\'s largest art site and learn why hundreds of thousands of artists, photographers, art galleries, and iconic brands have partnered with FAA to handle their sales, marketing, website design, and order-fulfillment. Take a Tour 18 Companies in One About Fine Art America Fine Art America is the world\'s largest art marketplace and print-on-demand technology company.\xa0\xa0\xa0We\'ve been helping artists sell wall art, home decor, apparel, and other products since 2006 and are home to hundreds of thousands of artists, photographers, graphic designers, illustrators, and iconic brands. With just a few clicks, artists and photographers can upload their images to FineArtAmerica.com, set their prices for hundreds of different print-on-demand products, and then instantly sell those products to a global audience of online, mobile, and real-world buyers.\xa0\xa0\xa0Fine Art America fulfills each order on behalf of the artists - taking care of the printing, framing, matting, packaging, shipping, collecting payments from the buyers, and sending profits to the artists.\xa0\xa0\xa0Each product is manufactured at one of our 14 global production facilities and delivered "ready-to-hang" with a 30-day money-back guarantee. In addition to providing an online marketplace and fulfillment service, Fine Art America provides artists and photographers with sales and marketing tools to help simplify and accelerate their careers.\xa0\xa0\xa0These tools allow artists to set up branded web stores, sell prints on Facebook, create e-newsletters, and much more.\xa0\xa0\xa0More than 500,000 living artists and photographers currently offer ten million images for sale on FineArtAmerica.com - with thousands of new artists and images being added each week. Hundreds of thousands of artists and iconic brands... millions of images... billions of products... 14 global production facilities in 5 different countries running 24 hours per day... and the world\'s hardest working staff running the show from Santa Monica, California. Welcome to Fine Art America. Take a Tour Shop Sell Create Our Company About Us Fulfillment Centers Press Reviews Blog Videos Wholesale Prints Gig Posters Art Paintings Photographs Drawings Digital Art Mixed Media Originals Shop Wall Art Art Prints & Framed Prints Home Decor Lifestyle Phone Cases & Tech Accessories Beach Apparel Gift Cards Create Design Your Own Products Painted Portraits Mail & Frame SELLERS Take a Tour Sell Your Art Membership Plans Mobile App (iOS and Android) Shopify App Instagram Merchandise YouTube Merchandise Contact Contact Us FAQ Discussion Forum Return Policy Returns Terms of Use Privacy Policy Stay Connected Sign up for our newsletter for exclusive deals, discount codes, and more. Location Settings Long Beach, CA (United States) Currency : USD ($) AUD ($) CAD ($) EUR (\u20ac) GBP (\xa3) JPY (\xa5) USD ($) Units : Inches Inches Centimeters Server Status OK Copyright \xa9 2019 FineArtAmerica.com - All Rights Reserved')
('GOOD', ' ', u'Log in Not Found Sorry, we couldn\u2019t find that page. If you followed a link, the content might have been removed. Get Support')
('GOOD', ' ', "No connection adapters were found for 'ghttps://getprintastic.com/ '")
('BAD', ' ', u'Overview What is Printbox What can you sell Discover-benefits Reviews & testimonials Our-partners Why Choose Us Small-medium printers We\'ve created a complete package that helps you get new customers, generate profits, and grow your business. Global printing enterprises We combine a powerful suite of tools for photo products and instant product development with measurable results to accelerate growth. Non printers Offer personalized, customizable photo products with Printbox in order to enhance your product portfolio for existing clients and attract new ones. Key Features editors Advanced editor Giving the most creative freedom and functionality to users Advanced Editor Giving the most creative freedom and functionality to users Simple editor Users can enter the editor straight from the product list Simple Editor Users can enter the editor straight from the product list Prints editor Perfect tool for ordering prints, magnets, posters and more Prints Editor Perfect tool for ordering prints, magnets, posters and more package E-commerce Ready to sell on your domain and with your branding E-commerce Ready to sell on your domain and with your branding Mobile Apps Ready to sell on your domain and with your branding Mobile Apps Ready to sell on your domain and with your branding Production A built-in production module compatible with any digital printer Production A built-in production module compatible with any digital printer User Journeys The perfect path for every product User Journeys The perfect path for every product Hosting and administration Secure, optimized for high traffic & e-commerce Hosting and administration Secure, optimized for high traffic & e-commerce Who we are Technology & Expertise References About Us Pricing Resources Webinars Learn more about your business possibilites. "Improve your photo business with photo products" \u201cImprove your photo product business with Printbox.\u201d 30 October 2019, 4: 00 PM CEST days hours minutes seconds Register 30 Wednesday PM CEST Register Downloads Guidelines, logos, brochures and more FAQ The most popular questions Blog Tips, news, and best practices in the business Live Demo Contact Us contact us Resources Webinars Learn more about your business possibilites. "Improve your photo business with photo products" \u201cImprove your photo product business with Printbox.\u201d 30 October 2019, 4: 00 PM CEST days hours minutes seconds Register 30 Wednesday PM CEST Register Downloads Guidelines, logos, brochures and more FAQ The most popular questions Blog Tips, news, and best practices in the business Oops, page not found! Please use the navigation above or click the button below and go to the homepage. Back home Key features You can create any user journey you can imagine Learn More Implemented projects Printbox helps market leaders from all around the world Learn More Pricing Sell photobooks, gifts, prints and more, using platform tailored to your needs Learn More Start Growing With Printbox Today Want to become our partner? Have any questions? Or maybe just want to say hello? Contact us. *Name *E-mail *Company Phone Yes, I would like to receive newsletters, promo offers and other email communications from Printbox. Printbox Sp. z o.o. care about your data and privacy. By submitting this form you agree that your data will be processed according to our Privacy Policy. Get free consultation Headquarter Printbox Sp. z o.o. Main Square 17 31-008 Krakow, Poland VAT ID: PL676 247 02 10 +48 731 448 731 info@getprintbox.com Contact Sales Authorized Distributor Martin Waletzko R\xf6merstra\xdfe 75 71229 Leonberg Germany +49 7152 30 797 01 germany@getprintbox.com Planen Sie ein Meeting Authorized Distributor Ashish Shah 2, Talati Apartments, SV Road Andheri West, Mumbai 400058, India +91 98 339 63738 a.shah@getprintbox.com Schedule a meeting Enter e-mail address and sign up for a newsletter Subscribe We\'ve already sent you an e-mail to complete your registration. Please check it and confirm (check the spam folder as well). Error. Something went terribly wrong. Overview What is Printbox What can you sell Discover benefits Reviews and Testimonials Our partners Why choose us Small-Medium Printers Global Printing Enterprises Non Printers Key Features Advanced Editor Simple Editor Prints Editor User Journeys Mobile Apps E-commerce Production Hosting and Administration Who we are Technology & Expertise References Our partners About us Resources FAQ Webinars Blog Marketing materials Pricing Policy and GDPR Career PRINTBOX APPLICATION \xa9 2013 - 2019 | All rights reserved | Designed with \u2665 by UIG STUDIO Secure Payment Processing: Try our apps: Preparing for a new era in privacy regulation In May 2018, a European privacy law, the General Data Protection Regulation, is due to take effect. We are taking the steps necessary to ensure that we are GDPR compliant. Printbox\'s website uses cookies to improve user experience. By using our website you consent to our cookies in accordance with our policy. Read more | Agree and close + Free Webinars 30 Wednesday October 2019 Show More')
('BAD', ' ', u"Just In Photogroups What is 23? Log in Get a free 23 account File not found The requested file couldn't be located. Go back or Go to the front page . About 23 About 23 What is 23 and who's behind the service? Just In Discover the world from a different angle. Here's a crop of the latest photos from the around the world. Search Search photos from users using 23 Help / Discussion Get help or share your ideas to make 23 better 23 Blog / 23 on Twitter Messages and observations from Team 23 Terms of use What can 23 be used for and what isn't allowed More services from 23 We also help people use photo sharing in their professional lives Basque (ES) Bulgarian (BG) Chinese (CN) Chinese (TW) Danish (DK) Dutch (NL) English (US) French (FR) Galician (ES) German (DE) Italian (IT) Norwegian (NO) Polish (PL) Portuguese (PT) Russian (RU) Spanish (ES) Swedish (SE) Popular photos right now")
('BAD', ' ', u'')
('GOOD', ' ', u'Toggle navigation Mobile Apps TouchRetouch Handy Photo Recrop MAC APPS TouchRetouch support About Us support@adva-soft.com Scherenbergstra\xdfe 8, 10439 Berlin Germany The page you were looking for could not be found. Get back Need assistance? Contact us Follow us Thank you! Your message has been sent successfully. We will contact you as soon as possible Have another question? Contact us CONTACT US Tap here to expand the form * Your name * Your email Your country (optional) Application support Career and business opportunities General contact request * Request type TouchRetouch Handy Photo Recrop Application iOS Android macOS Platform Send \xd7 Mobile TouchRetouch Handy Photo Recrop Mac TouchRetouch Support Contact us Tutorials FAQ About ADVA Soft Company Privacy Policy EULA Press Room Press Kits Media Coverage \xa9 2012- 0000 ADVA Soft. All rights reserved. Apple, the Apple logo, Mac, and macOS are trademarks of Apple Inc., registered in the U.S. and other countries. iPhone, iPod, iPad, iTunes are trademarks of Apple Inc. Android is a registered trademark of Google Inc.')
('BAD', ' ', u'Not Acceptable! An appropriate representation of the requested resource could not be found on this server. This error was generated by Mod_Security.')
('BAD', ' ', u"Toggle navigation Tools to Inspire Imagination & Creativity en English Fran\xe7ais Deutsch Espa\xf1ol Portugu\xeas Italiano \u65e5\u672c\u8a9e P\u0443\u0441\u0441\u043a\u0438\u0439 Products Photo Processing AirBrush ArtSuite ArtWork Chameleon Charcoal Coloriage Decorator Draw Enhancer Frames HDRFactory LightShop Magnifier MakeUp NatureArt Neon Noise\u2009Buster OilPaint Pastel Points Refocus Retoucher Sketch SmartMask Watercolor Frame Packs Video Processing Sketch Video Download Purchase Software Bundles Frames Certificates Online\xa0Store Tutorial AirBrush ArtSuite ArtWork Chameleon Charcoal Coloriage Decorator Draw Enhancer Frames HDRFactory LightShop Magnifier MakeUp NatureArt Neon Noise\u2009Buster OilPaint Pastel Points Refocus Retoucher Sketch SmartMask Watercolor Sketch Video Common Tutorials Photoshop Tips Tips\xa0&\xa0Tricks Articles Support FAQ FeedBack My Account Upgrade Company AKVIS News Press Room Testimonials Contact Us en English Fran\xe7ais Deutsch Espa\xf1ol Portugu\xeas Italiano \u65e5\u672c\u8a9e P\u0443\u0441\u0441\u043a\u0438\u0439 Oops - we couldn't access this page! The page could not be found: akvis.com/%0D%0A Please report a broken link and we'll fix it asap! Search within the website: Share with friends & get a discount! Subscribe to News Products Photo Processing Video Processing Frame Packs Useful Info Compatibility Discounts Upgrade Support FeedBack Contact Us FAQ Photo Processing Video Processing Frame Packs FeedBack Upgrade Contact Us Subscribe to News English | Fran\xe7ais | Deutsch | Espa\xf1ol | Portugu\xeas(Br) | Italiano | \u65e5\u672c\u8a9e | P\u0443\u0441\u0441\u043a\u0438\u0439 \xa9\xa02004-2019\xa0 AKVIS. All Rights Reserved.")
('BAD', ' ', u"Dogs Cats People + Pets About Blog Contact Info Dogs Cats People + Pets About Blog Contact Info We couldn't find the page you were looking for. This is either because: There is an error in the URL entered into your web browser. Please check the URL and try again. The page you are looking for has been moved or deleted. You can return to our homepage by clicking here , or you can try searching for the content you are seeking by clicking here . Back to Top All Ears Pet Photography, 53228, United States Home | Dogs | Cats | People +\xa0Pets | About | Blog | Contact Info")
('BAD', ' ', u'')
('GOOD', ' ', u"Quick Upload Explore Features Example Support Contact Us FAQ Help Document Pricing Sign In Sign Up Quick Upload Explore Features Example Support Contact Us FAQ Help Document Pricing Sign In Sign Up Page Not Found Oops...you hit the 404 page. 404 Page Not Found The page you are looking for doesn't appear to exist. Please check the address or contact us to report an error. Home Explore Product Features Pricing Flipping Book Examples FAQ Contact Us support@anyflip.com Follow Us Support FAQ Help Document Gift Card Exchange Presentation Software Latest Flips Community Download Try AnyFlip free and experience increased efficiency and productivity Download For Windows Download For Mac Home About Us Why Us Blog Example About Us Privacy Terms of Service \xa9 2019 Wonder Idea Technology Co., Ltd. All rights reserved")
('BAD', ' ', "HTTPConnectionPool(host='aphos.org', port=80): Max retries exceeded with url: /?ref=betalist%0D%0A (Caused by NewConnectionError('<urllib3.connection.HTTPConnection object at 0x7fec53b09410>: Failed to establish a new connection: [Errno 110] Connection timed out',))")
('BAD', ' ', u'Not Found The requested URL /en/scrapbook/android/index.html was not found on this server.')
('GOOD', ' ', u'')
('BAD', ' ', u"FAQ Blog Contact us English Portugu\xeas \u4e2d\u6587 Espa\xf1ol \u0420\u0443\u0441\u0441\u043a\u0438\u0439 PAGE NOT FOUND PAGE NOT FOUND Sorry, but the page you're looking for do not exist. Please, try to use the menu on the top of the site or go back to the home page by clicking on the logo above. \xa92019 Meitu | Meitu GPIG Terms of Service Privacy Policy About GPIG")
('GOOD', ' ', u'iOS iOS Android Discover by Audience Objective Categories Android iOS Error 404 That\u2019s strange, we can\u2019t seem to find the page you\u2019re asking for. We\u2019re much better at finding apps, we promise. Explore and discover Copyright SOFTONIC INTERNATIONAL S.A. \xa9 2015 - All rights reserved Terms of Use Cookies Policy Softonic Feedback We use own and third party cookies to improve our services and your experience. If you continue browsing, you are considered to have accepted such use. You may change your cookie preferences and obtain more information here .')
('BAD', ' ', u'')
('BAD', ' ', u'')
('BAD', ' ', u'Not Found The requested URL / was not found on this server.')
('BAD', ' ', u'404 Page Not Found The page you requested was not found.')
('BAD', ' ', u'Reminisce Journal Sorry, the page you were looking for in this blog does not exist. Sorry, the page you were looking for in this blog does not exist. Home Subscribe to: Posts (Atom) About Me Arvis Tech View my complete profile Blog Archive \u25bc 2019 (1) \u25bc August (1) Focus City \u25ba 2017 (1) \u25ba March (1) \u25ba 2016 (2) \u25ba June (1) \u25ba March (1) \u25ba 2015 (1) \u25ba November (1) Simple theme. Powered by Blogger .')
('GOOD', ' ', u"Cart 0 Home Assembly Pigment Marvel ALL APPS Our Team Tutorials Blog Contact Us Cart 0 Home Assembly Pigment Marvel ALL APPS Our Team Tutorials Blog Contact Us We couldn't find the page you were looking for. This is either because: There is an error in the URL entered into your web browser. Please check the URL and try again. The page you are looking for has been moved or deleted. You can return to our homepage by clicking here , or you can try searching for the content you are seeking by clicking here . Terms Of Use Privacy Policy Children's Privacy Policy DMCA Third Party Operators Contact Us \xa9 Pixite Inc 2019")
('BAD', ' ', "HTTPConnectionPool(host='beckyhiggins.com%0d%0a', port=80): Max retries exceeded with url: / (Caused by NewConnectionError('<urllib3.connection.HTTPConnection object at 0x7fec54559f50>: Failed to establish a new connection: [Errno -2] Name or service not known',))")
('BAD', ' ', u'Not Found The requested URL was not found on this server.')
('BAD', ' ', u'Sign up for Beta Comixon new culture of communication by comic stories in social media app COMIC STRIPS Create a comic strip by uploading up to 4 snapshots SPEECH BUBBLES Make alive and give emotions to any character or thing by adding speech bubbles ART STYLES Intensify snapshot effects by special comic art styles BRIGHT COLOR FEEDS Follow favorite authors and discover other creators from all over the world SOCIAL ACTIVITY Communicate with authors and readers by likes and comments STRIP CARDS Share comic strips to social networks as automaticaly created postcard Be the first to get the app and earn a chance to win amazing prizes : You are already signed up for the beta test Sign up with Facebook account Top three prizes The top three testing members, judged at our discretion based on participation and activity, will be eligible to win an iPhone 6, iPad mini, Beats headphones Top thirty prizes The top thirty members will receive T-shirts with their own unique strips emblazoned on them, created in the Comixon app Facebook Twitter Email Terms and privacy')
('BAD', ' ', u"By continuing to use this site you consent to the use of cookies on your device as described in our cookie policy unless you have disabled them. You can change your cookie settings at any time but parts of our site will no function correctly without them. Register Login (0) Quick search4 All Images All Images Tetra Images Blend Images All Videos Advanced search Enter your username and password below to login Username Password Keep me logged in Forgot your password? Register Tetra Images Offering fresh, conceptual imagery for commercial and editorial licensing. Search our exceptional images and footage from leading creative artists located around the world. Introducing\xa0Blend Images\xa0as our newest collection to join the\xa0Tetra brand.\xa0Blend is the world's premiere source for commercial multi-cultural and\xa0ethnically diverse stock content. Search by Category America Americana Anonymity Autumn Backgrounds Beauty Business Christmas City Life Concepts Education Food Halloween Healthcare Healthy Living Industry Mature Lifestyles New York City Office life Patterns of Nature Pharmaceutical Scenic Landscapes Simplicity Skies Small Business Spa Sports & Fitness Spring Summer Textures Winter Zen Living Featured galleries Tetra Images Royalty Free Images Support Sell your images Tetra Images Homepage About us Royalty Free Images RF License Terms & Conditions Pricing Support Contact us Privacy policy Sell your images Getting started https://www.tetraimages.com/index.cfm?")
('BAD', ' ', u'Need help? Make a Blingee now! home blingees postcards stamps groups badges people File Not Found \xa9Blingee.com 2006-2010, All Rights Reserved faq/help terms contacts about moderators Deutsch | English | Espa\xf1ol | Fran\xe7ais | Italiano | Nederlands | Portugu\xeas | |')
('GOOD', ' ', u"blinky apps perspective echo blinky about services press kits perspective echo contact blinky Close apps perspective echo blinky about services press kits perspective echo contact 404 The requested page cannot be found Can't find what you need? Take a moment and do a search below or start from our homepage . about contact perspective download press kit privacy policy blinky download press kit facebook twitter pinterest Blinky's the best! Forgot password? Remember me You can login using your social profile Install social plugin that has it's own SHORTCODE and add it to Theme Options - Socials - 'Login via Social network' field. We recommend: Wordpress Social Login")
('GOOD', ' ', u"blinky apps perspective echo blinky about services press kits perspective echo contact blinky Close apps perspective echo blinky about services press kits perspective echo contact 404 The requested page cannot be found Can't find what you need? Take a moment and do a search below or start from our homepage . about contact perspective download press kit privacy policy blinky download press kit facebook twitter pinterest Blinky's the best! Forgot password? Remember me You can login using your social profile Install social plugin that has it's own SHORTCODE and add it to Theme Options - Socials - 'Login via Social network' field. We recommend: Wordpress Social Login")
('GOOD', ' ', u'Bondi Platform Paid Digital Audience Your Archive Everywhere Curate, Publish, and Share Bondi Editor Success Stories Contact 404 Page Not Found Back Home Overview Success Stories Contact Bondi Digital 33 Hilliard Avenue Edgewater, NJ 07020 Please contact: Kate Davis \xa92019 Bondi Digital Publishing LLC. All Rights Reserved. Bondi Platform Paid Digital Audience Your Archive Everywhere Curate, Publish, and Share Bondi Editor Success Stories Contact Bondi Digital 33 Hilliard Avenue Edgewater, NJ 07020 For more information or to schedule a demo please contact: Kate Davis Digital Account and Communications Manager')
('BAD', ' ', "HTTPConnectionPool(host='bookskill.me%0d%0a', port=80): Max retries exceeded with url: / (Caused by NewConnectionError('<urllib3.connection.HTTPConnection object at 0x7fec53d2b710>: Failed to establish a new connection: [Errno -2] Name or service not known',))")
('BAD', ' ', "HTTPConnectionPool(host='brighteyesphotosdc.com%0d%0a', port=80): Max retries exceeded with url: / (Caused by NewConnectionError('<urllib3.connection.HTTPConnection object at 0x7fec53d2bf50>: Failed to establish a new connection: [Errno -2] Name or service not known',))")
